format,compression,import_time_sec,read_time_sec,size_bytes
avro,none,18.777509445,.004263270,31535564
avro,snappy,18.883701992,.002694481,15143098
avro,bzip2,24.069963987,.004123371,7714184
parquet,none,18.920553330,.005400561,9456950
parquet,snappy,20.351085778,.004175871,6982748
parquet,gzip,20.272080838,.004835265,4812395
