model,AUC,PR_AUC,Accuracy,F1
model1_logistic_regression,0.950753556244805,0.9881416394068768,0.8644887410690101,0.8758816581909262
